Фраза;Частотность [WS];Частотность * * [WS];отношенеие %
технический перевод;10868;495;4,55465587
технический перевод с английского;2780;56;2,014388489
перевод технических текстов;2516;145;5,763116057
русские технические переводы;1958;2;0,102145046
технический перевод языков;1501;1;0,066622252
технический перевод с английского на русский;1268;158;12,46056782
научно технический перевод;1194;36;3,015075377
технический текст на английском с переводом;1165;141;12,10300429
технический перевод на английский язык;859;8;0,931315483
технический перевод онлайн;783;31;3,959131545
технический перевод текстов русский;530;0;0
переводчик онлайн технический перевод;527;0;0
онлайн переводчик точный перевод технический;507;1;0,197238659
технический перевод немецкий;471;12;2,547770701
перевод технического английского онлайн;456;10;2,192982456
технический перевод с английского на русский онлайн;422;35;8,293838863
перевод технических текстов с английского на русский;404;189;46,78217822
технические тексты на английском языке с переводом;400;149;37,25
перевод технической литературы;377;19;5,039787798
технические науки перевод;376;2;0,531914894
перевод научно технических текстов;371;10;2,69541779
кандидат технических наук перевод;334;97;29,04191617
перевод технических статей;325;10;3,076923077
переводчик с английского на русский технический перевод;313;1;0,319488818
технический перевод с немецкого на русский;300;30;10
особенности технического перевода;291;11;3,780068729
технический перевод на русский язык;278;0;0
научно технический перевод английский;258;2;0,775193798
вузы технического перевода;252;0;0
перевод научно технической литературы;248;2;0,806451613
технические науки перевод на английский;245;3;1,224489796
перевод технической документации;240;23;9,583333333
кандидат технических наук перевод на английский;235;233;99,14893617
технические работы перевод;221;3;1,357466063
технический перевод с немецкого на русский онлайн;193;0;0
перевод с технического немецкого онлайн;193;0;0
технические статьи на английском языке с переводом;190;78;41,05263158
особенности научно технического перевода;185;11;5,945945946
перевод технических терминов;183;8;4,371584699
технический перевод учебник;183;5;2,732240437
бюро технических переводов;165;31;18,78787879
технический перевод английского на русский язык;150;1;0,666666667
техническое задание перевод;149;14;9,395973154
особенности перевода технических текстов;147;11;7,482993197
технический перевод текстов на русский язык;138;0;0
пособие по техническому переводу;131;6;4,580152672
перевод английской научно технической литературы;128;0;0
технический перевод немецкий язык;125;0;0
перевод технических слов;118;1;0,847457627
технический перевод скачать;117;0;0
курсы технического перевода;115;10;8,695652174
научно технический перевод английского языка;115;0;0
словари технического перевода;114;4;3,50877193
перевод технических немецких текстов;110;2;1,818181818
особенности перевода научно технических текстов;108;34;31,48148148
технический перевод цена;106;10;9,433962264
технический перевод 10000 знаков;106;5;4,716981132
перевод учебника для технических вузов;105;3;2,857142857
техническая ошибка перевод;102;1;0,980392157
услуги технического перевода;100;6;6
технический перевод китайский;98;5;5,102040816
технический перевод стоимость;95;8;8,421052632
техническое обслуживание перевод;93;12;12,90322581
английский для технических вузов орловская перевод;92;2;2,173913043
проблемы технического перевода;90;8;8,888888889
перевод технических текстов онлайн;86;27;31,39534884
программа технических переводов;86;1;1,162790698
технический перевод примеры;85;2;2,352941176
технический перевод английских текстов на русский язык;85;1;1,176470588
английский технический текст 10000 знаков с переводом;84;6;7,142857143
технические средства перевод;84;2;2,380952381
технический перевод москва;82;14;17,07317073
технические условия перевод;82;1;1,219512195
английский перевод технической документации;81;1;1,234567901
технический перевод специальность;81;0;0
орловская английский язык для технических вузов перевод;78;18;23,07692308
английский для технических вузов перевод текстов;78;2;2,564102564
техническое помещение перевод;77;8;10,38961039
перевод технической литературы с английского;76;0;0
технический перевод требования;72;6;8,333333333
виды технического перевода;71;8;11,26760563
перевод учебника орловская для технических вузов;71;2;2,816901408
перевод учебника английского языка для технических вузов;70;4;5,714285714
основы технического перевода;69;1;1,449275362
технический перевод документов;68;10;14,70588235
учебник орловская английский для технических вузов перевод;66;2;3,03030303
книга технический перевод;65;1;1,538461538
отдел технического перевода;65;0;0
технический директор перевод;64;7;10,9375
технический паспорт перевод;63;3;4,761904762
технические характеристики перевод;62;3;4,838709677
технический перевод бесплатно;60;0;0
техническое обеспечение перевода;58;7;12,06896552
технический прогресс перевод;58;3;5,172413793
письменный технический перевод;58;2;3,448275862
перевод технической документации с английского на русский;57;31;54,38596491
устный технический перевод;57;30;52,63157895
рубцова технический перевод;57;0;0
техническое задание перевод на английский;55;34;61,81818182
теория технического перевода;54;6;11,11111111
техническая литература на английском языке с переводом;53;15;28,30188679
обучение техническому переводу;53;8;15,09433962
технический перевод яндекс;53;0;0
перевод технических инструкций;52;10;19,23076923
пособие по переводу технического текста;52;4;7,692307692
перевод технического помещения в жилое;52;1;1,923076923
рубцова перевод научно технической литературы;52;0;0
рубцов перевод технической литературы;52;0;0
технические термины на английском языке с переводом;51;39;76,47058824
технические тексты на немецком языке с переводом;50;17;34
технический перевод с китайского на русский;49;3;6,12244898
китайский язык технический перевод;49;1;2,040816327
технический перевод правила;48;1;2,083333333
перевод технических английских текстов онлайн;46;0;0
технический перевод трудности;45;3;6,666666667
перевод технической литературы с английского на русский;45;2;4,444444444
перевод с немецкого на русский технический текст;45;2;4,444444444
технический перевод англ;45;0;0
перевод технического помещения в нежилое помещение;44;3;6,818181818
центр технического перевода;43;1;2,325581395
стоимость технического перевода английский;42;2;4,761904762
по техническим причинам перевод;42;0;0
5000 знаков по английскому с переводом технический;41;5;12,19512195
технический перевод учебное пособие;39;2;5,128205128
военно технический перевод;39;2;5,128205128
техническая ошибка при переводе яндекс денег;38;5;13,15789474
цена технического перевода с английского;38;4;10,52631579
технические переводы с английского бесплатно;38;0;0
научно технический перевод русского на английский;38;0;0
технические слова на английском с переводом;37;24;64,86486486
стоимость технического перевода с английского на русский;37;13;35,13513514
технический перевод профессионально;37;0;0
пумпянский технический перевод;37;0;0
основы научно технического перевода;37;0;0
технический перевод с французского;36;13;36,11111111
технический журнал на английском с переводом;36;5;13,88888889
пособия по научно техническому переводу;36;3;8,333333333
технический английский перевод скачать;36;0;0
техническая поддержка перевод;35;7;20
пример перевода технического текста;35;7;20
особенности перевода технической литературы;35;6;17,14285714
технический перевод лексика;35;0;0
перевод технических текстов работа;35;0;0
технический перевод спб;34;8;23,52941176
практика технического перевода;34;1;2,941176471
технические переводы с английского на русский цены;33;7;21,21212121
перевод учебника по английскому для технических вузов;33;4;12,12121212
технический перевод на казахский;33;1;3,03030303
скачать перевод технического текста;33;1;3,03030303
английский технический словарь с переводом;33;1;3,03030303
технический перевод онлайн бесплатно;33;0;0
трудности перевода технических текстов;31;2;6,451612903
английский для технических вузов агабекян перевод;31;1;3,225806452
технический перевод реферат;31;0;0
перевод с английского на русский технический бесплатно;31;0;0
пумпянский перевод английской научной и технической литературы;30;7;23,33333333
технический итальянский перевод;30;1;3,333333333
программы технического перевода с английского;30;1;3,333333333
перевод научно технической документации;30;0;0
технический перевод вакансии;29;3;10,34482759
особенности перевода научно технической литературы;29;1;3,448275862
технический директор перевод на английский;28;20;71,42857143
бюро технических переводов москва;27;16;59,25925926
английский для технических вузов агабекян перевод текстов;27;14;51,85185185
синхронный технический перевод;27;11;40,74074074
сколько стоит технический перевод;26;3;11,53846154
перевод научно технических материалов;26;2;7,692307692
технические условия перевод на английский;25;11;44
способы перевода научно технических текстов;25;5;20
школа технического перевода;25;0;0
технический испанский перевод;25;0;0
программы перевода технических текстов;25;0;0
английский технический словарь с переводом на русский;24;19;79,16666667
технический перевод заказать;24;11;45,83333333
технический перевод с английского особенности;24;0;0
технические усовершенствования перевод;23;5;21,73913043
перевод технических текстов цены;23;4;17,39130435
технический перевод с итальянского на русский;23;1;4,347826087
виды научно технического перевода;23;1;4,347826087
образцы технических переводов;23;0;0
китайский язык научно технический перевод;23;0;0
трудности научно технического перевода;22;0;0
source перевод на русский технический;21;21;100
трансформации в научно техническом переводе;21;3;14,28571429
киви техническая ошибка при переводе;21;3;14,28571429
технический перевод французского языка;21;2;9,523809524
технический юридический перевод;21;1;4,761904762
смекаев технический перевод;21;1;4,761904762
технический перевод купить;21;0;0
перевод технической литературы и документации;21;0;0
научно технический перевод немецкий;21;0;0
материально техническое обеспечение перевод;21;0;0
технический перевод документации на английский язык;20;2;10
учебник по техническому переводу английский язык;20;1;5
main bearings технический перевод;19;19;100
технический перевод с английского курсы;19;15;78,94736842
особенности технического перевода с английского языка;19;11;57,89473684
технический перевод россия;19;2;10,52631579
сложности технического перевода;19;2;10,52631579
технический перевод стоимость страницы;19;1;5,263157895
housing перевод технический;18;15;83,33333333
перевод технического текста стоимость;18;3;16,66666667
перевод технических единиц;18;3;16,66666667
технический специалист перевод;18;2;11,11111111
технические работы перевод на английский;18;1;5,555555556
технический перевод мэи;18;0;0
техническая статья на немецком языке с переводом;17;5;29,41176471
смекаев учебник технического перевода;17;5;29,41176471
английский язык для технических специальностей голубев перевод;17;4;23,52941176
технический перевод на украинский;17;0;0
технический перевод гугл;17;0;0
сделать технический перевод;17;0;0
sputter перевод технический;16;16;100
бюро технических и научных переводов littera;16;12;75
докштейн практический курс перевода научно технической литературы;16;11;68,75
техническое обслуживание перевод на английский;16;8;50
технический английский статьи для перевода;16;6;37,5
технический перевод сайта;16;3;18,75
особенности перевода научно технических материалов;16;3;18,75
компания технические переводы;16;1;6,25
перевод технического текста бесплатно;16;0;0
перевод в технической сфере;16;0;0
перевод с технический с русского на украинский;15;6;40
перевод технических терминов с английского на русский;15;5;33,33333333
технический перевод факультеты;15;1;6,666666667
типовые задания по курсу технический перевод;15;0;0
специфика технического перевода;15;0;0
нужен технический перевод;15;0;0
технические характеристики перевод на английский;14;10;71,42857143
технический перевод руководств;14;1;7,142857143
проблема перевода технических терминов;14;1;7,142857143
технический перевод с русского на испанский;13;7;53,84615385
агентство технических переводов;13;6;46,15384615
мамичева пособие по переводу технических текстов;13;5;38,46153846
технический перевод текстов на французский;13;1;7,692307692
стандарты технического перевода;13;0;0
научно технический перевод учебник;13;0;0
кафедра технического перевода;13;0;0
mute перевод на русский в техническом словаре;12;12;100
проблемы перевода научно технических текстов;12;8;66,66666667
услуги технического перевода с русского на английский;12;5;41,66666667
технический перевод фриланс;12;4;33,33333333
технический университет перевод на английский;12;2;16,66666667
технический отдел перевод на английский;12;1;8,333333333
технические переводы петербург;12;0;0
перевод с технического французского на русский;12;0;0
washer перевод технический;11;11;100
big end bearings технический перевод;11;11;100
технический перевод чертежей;11;5;45,45454545
технический перевод киев;11;4;36,36363636
10000 знаков по английскому с переводом технический;11;4;36,36363636
сколько стоит перевод технического текста;11;3;27,27272727
технический перевод цена за страницу;11;2;18,18181818
технический перевод текстов на французский язык;11;0;0
перевод с английского технического текста стоимость;11;0;0
методика научно технических переводов;10;10;100
task related environment технический перевод;10;10;100
технический заказчик перевод на английский;10;9;90
axle перевод технический;10;8;80
общий курс научно технического перевода коваленко;10;3;30
техническое обслуживание стрелочных переводов;10;1;10
технический перевод документов на английский;10;0;0
перевод больших технических текстов на английском;9;6;66,66666667
бюро переводов технических текстов;9;6;66,66666667
технический перевод лекции;9;5;55,55555556
специфика перевода научно технических текстов;9;4;44,44444444
японский технический перевод;9;0;0
технический перевод юзао;8;8;100
перевод из технического института в гуманитарный;8;8;100
лексические трансформации в научно техническом переводе;8;8;100
бюро технических переводов нефтегаз;8;8;100
fluidized bed type reactor перевод технический;8;8;100
переводчик с русского на украинский технический перевод;8;2;25
доктор технических наук перевод;8;2;25
технический перевод инструкций на английский;8;0;0
технические переводы санкт петербург;8;0;0
правила перевода технических текстов;8;0;0
переводчик с украинский технический перевод;8;0;0
техническое чтение для энергетиков с переводом;7;7;100
способы перевода терминов в научно технических текстах;7;7;100
проект по переводу технических текстов;7;7;100
основные виды трансформаций в научно техническом переводе;7;7;100
лексико грамматический аспект перевода научно технических текстов;7;7;100
газпром технического перевода;7;7;100
тысячи по английскому с переводом технические;7;6;85,71428571
русский французский технический перевод скачать;7;6;85,71428571
особенности перевода текстов технических инструкций;7;6;85,71428571
chipping перевод технический;7;6;85,71428571
технический перевод липецк;7;5;71,42857143
проблемы перевода научно технического стиля;7;5;71,42857143
научно технический перевод айзенкоп;7;2;28,57142857
технический перевод екатеринбург;7;0;0
техническая статья на англ 10000 символов перевод;6;6;100
попов основы технического перевода;6;6;100
перевод имен собственных в научно техническом тексте;6;6;100
л я уласенко практика технического перевода скачать;6;6;100
stand by перевод технический;6;6;100
технический перевод испанский язык;6;5;83,33333333
load перевод на русский технический;6;5;83,33333333
coupling перевод технический;6;5;83,33333333
qiwi техническая ошибка при переводе;6;3;50
техническое задание на перевод земель лесного фонда;5;5;100
общезначимый перевод технический словарь;5;5;100
rectifier перевод технический;5;5;100
machine steel перевод технический;5;5;100
fluidizedbed type reactor перевод технический;5;5;100
технический корейский перевод;5;4;80
tolerance перевод технический;5;3;60
технический перевод с русского на казахский;5;2;40
перевод технических единиц измерения;5;2;40
перевод технических величин;5;2;40
технический перевод волгоград;5;1;20
перевод немецких научно технических текстов;5;0;0
